,colony,street,street_number,postal_code,zone,directions,lat,lon
77,DIVISION DEL NORTE,TERUEL,3693,44230,Guadalajara,"TERUEL 3693, DIVISION DEL NORTE, Guadalajara",20.721705,-103.3379679
51,LOMAS DEL PRADERO,AV PRESIDENTE,2235,44840,Guadalajara,"AV PRESIDENTE 2235, LOMAS DEL PRADERO, Guadalajara",20.648519,-103.3130901
150,FRACC CUSPIDE,VALLE DE TESIST,198,45200,Zapopan,"VALLE DE TESIST 198, FRACC CUSPIDE, Zapopan",20.795812,-103.4822218
116,LOMAS DE POLANCO,JOSE CARRILLO,3528,44960,Guadalajara,"JOSE CARRILLO 3528, LOMAS DE POLANCO, Guadalajara",20.6307235,-103.3795677
276,EL BATAN,ANDADOR AGUA AZ,44,45190,Zapopan,"ANDADOR AGUA AZ 44, EL BATAN, Zapopan",20.72135701,-103.3443436
202,"FRACC, LOS MOLINOS",PLATA,70,45200,Zapopan,"PLATA 70, FRACC, LOS MOLINOS, Zapopan",20.84836438,-103.42263338
244,SANTA ANA TEPETITLAN,HIDALGO,35,45230,Zapopan,"HIDALGO 35, SANTA ANA TEPETITLAN, Zapopan",20.6208991,-103.456008
155,VILLA FONTANA DIAMANTE,FUENTE BRILLANT,1730,45200,Zapopan,"FUENTE BRILLANT 1730, VILLA FONTANA DIAMANTE, Zapopan",20.7737514,-103.4720222
57,LOS ALMENDROS,ANTONIO GARCIA,3912,44240,Guadalajara,"ANTONIO GARCIA 3912, LOS ALMENDROS, Guadalajara",20.71472097,-103.32988718
15,OBLATOS PONIENTE,HACIENDA DE LAS,2299,44700,Guadalajara,"HACIENDA DE LAS 2299, OBLATOS PONIENTE, Guadalajara",20.6942949,-103.2973538
166,COLINAS D LA PRIMAVE,CASCADA,147,45066,Zapopan,"CASCADA 147, COLINAS D LA PRIMAVE, Zapopan",20.637151,-103.4700562
38,MIRAVALLE II,HERMENEGILDO BU,4308,44990,Guadalajara,"HERMENEGILDO BU 4308, MIRAVALLE II, Guadalajara",20.6127044,-103.3450677
53,LA AURORA,JARDINES DE BAB,20,44790,Guadalajara,"JARDINES DE BAB 20, LA AURORA, Guadalajara",20.66066767,-103.28141363
172,JARDINES DEL VERGEL,JARDIN DE NARDO,1527,45180,Zapopan,"JARDIN DE NARDO 1527, JARDINES DEL VERGEL, Zapopan",20.7437494,-103.3705966
204,REAL DE VALDEPE?S,ALAMBIQUE,51,45130,Zapopan,"ALAMBIQUE 51, REAL DE VALDEPE?S, Zapopan",20.7560515,-103.4015362
37,SANTA TERESITA,ALFREDO CHAVERO,16,44600,Guadalajara,"ALFREDO CHAVERO 16, SANTA TERESITA, Guadalajara",20.683706,-103.368627
134,CANTARRANAS,MIGUEL BERNAL,3327,44829,Guadalajara,"MIGUEL BERNAL 3327, CANTARRANAS, Guadalajara",20.65865637,-103.2906591
133,U H ATLAS,RIO VOLGA,1386,44870,Guadalajara,"RIO VOLGA 1386, U H ATLAS, Guadalajara",20.6505549,-103.330706
78,RINCONADA DE HUENTITAN,JOSE MARIA CANA,5128,44250,Guadalajara,"JOSE MARIA CANA 5128, RINCONADA DE HUENTITAN, Guadalajara",20.731589,-103.324636
225,MESA COLORADA PTE,NABO,543,45189,Zapopan,"NABO 543, MESA COLORADA PTE, Zapopan",20.763,-103.34626
222,LA ESTRADA,HIDALAGO,6,45200,Zapopan,"HIDALAGO 6, LA ESTRADA, Zapopan",20.79264101,-103.47565388
284,LA VENTA DEL ASTILLE,JILGEROS,33,45221,Zapopan,"JILGEROS 33, LA VENTA DEL ASTILLE, Zapopan",20.7322419,-103.53937
69,JARDINES DE LA PAZ,TEJEDORES,569,44860,Guadalajara,"TEJEDORES 569, JARDINES DE LA PAZ, Guadalajara",20.647502,-103.3072318
275,JARDINES D NVO MEXIC,SEGUNDA NORTE,5699,45138,Zapopan,"SEGUNDA NORTE 5699, JARDINES D NVO MEXIC, Zapopan",20.7695635,-103.4477057
39,PROGRESO,FRANCISCO SARAB,235,44730,Guadalajara,"FRANCISCO SARAB 235, PROGRESO, Guadalajara",20.6687989,-103.3080091
31,OBLATOS PONIENTE,JUAN PABLO II,3165,44700,Guadalajara,"JUAN PABLO II 3165, OBLATOS PONIENTE, Guadalajara",20.70162171,-103.28662543
232,LAS AGUILAS,RIO TOMATLAN,800,45080,Zapopan,"RIO TOMATLAN 800, LAS AGUILAS, Zapopan",20.625904,-103.407993
17,LA PERLA,PEDRO LANDAZURI,733,44360,Guadalajara,"PEDRO LANDAZURI 733, LA PERLA, Guadalajara",20.682905,-103.33238
54,VILLAS DE GADALUPE,AV PATRIA,4177,44720,Guadalajara,"AV PATRIA 4177, VILLAS DE GADALUPE, Guadalajara",20.6849943,-103.2719253
90,OBLATOS,BATALLA DE IZUC,2508,44700,Guadalajara,"BATALLA DE IZUC 2508, OBLATOS, Guadalajara",20.698347,-103.288479
149,EL FORTIN,ALAMO,1359,45066,Zapopan,"ALAMO 1359, EL FORTIN, Zapopan",20.6469306,-103.4548918
220,INF LA TUZANIA,AND OYAMELES,1124,45138,Zapopan,"AND OYAMELES 1124, INF LA TUZANIA, Zapopan",20.7370922,-103.4154143
206,FRACC CUSPIDE,SENDA DEL OCOTE,22,45200,Zapopan,"SENDA DEL OCOTE 22, FRACC CUSPIDE, Zapopan",20.85434258,-103.44456721
60,SANTA ROSA,MELQUIADES CAMP,2289,44700,Guadalajara,"MELQUIADES CAMP 2289, SANTA ROSA, Guadalajara",20.702616,-103.287933
100,SAN ANDRES,CALLE B,165,44810,Guadalajara,"CALLE B 165, SAN ANDRES, Guadalajara",20.68627928,-103.26576928
127,HELIODORO HERNANDEZ,MIGUEL SANCHEZ,3789,44720,Guadalajara,"MIGUEL SANCHEZ 3789, HELIODORO HERNANDEZ, Guadalajara",20.6948729,-103.278313
201,HOGARES D NVO MEXICO,AV AVIACION,36,45138,Zapopan,"AV AVIACION 36, HOGARES D NVO MEXICO, Zapopan",20.73702555,-103.44966935
151,VIGIA I,HERRADURA,242,45140,Zapopan,"HERRADURA 242, VIGIA I, Zapopan",20.7327233,-103.3938158
75,GENERAL REAL,PENSADOR MEXICA,1070,44400,Guadalajara,"PENSADOR MEXICA 1070, GENERAL REAL, Guadalajara",20.665364,-103.3312438
81,OBLATOS PONIENTE,HACIENDA DE TAL,2191,44700,Guadalajara,"HACIENDA DE TAL 2191, OBLATOS PONIENTE, Guadalajara",20.692611,-103.2984039
